611,M,_NormalizedVDWVD2025,_SecondaryStrD1075,_PolarizabilityD1001,_SolventAccessibilityD3001,332,653,S,APAAC13,266,class_label
18,1.299,23.992,79.084,0.205,0.068,13,2,7.314,1.404,9,1
14,1.19,23.233,78.307,0.28,0.07,10,1,7.838,1.379,6,1
2,2.718,22.913,74.757,1.942,0.194,6,0,5.631,2.402,1,1
3,1.597,22.954,70.858,0.998,0.2,2,1,4.591,1.518,4,1
6,1.089,25.272,80.016,0.311,0.078,11,1,11.12,1.13,2,1
23,0.587,31.767,73.091,0.587,0.053,8,3,7.208,0.568,2,1
8,1.975,21.358,67.778,0.247,0.123,6,3,7.16,2.073,3,1
21,1.287,25.347,73.465,0.396,0.099,10,1,6.535,1.407,3,1
13,1.585,24.146,68.902,0.854,0.122,5,1,6.463,1.797,3,1
3,0.68,15.646,53.158,0.972,0.097,6,2,25.073,0.339,4,1
1,0.986,17.525,56.407,0.657,0.11,7,2,20.482,0.514,1,1
0,2.721,12.925,69.388,2.041,0.68,0,0,9.524,2.036,0,1
1,1.325,24.503,71.523,4.636,0.662,3,0,9.934,1.245,0,1
0,2.649,25.166,75.497,7.285,0.662,2,0,9.272,2.359,0,1
3,3.063,22.976,68.271,0.656,0.219,3,2,6.127,2.531,1,1
1,1.316,25.0,72.368,4.605,0.658,1,0,8.553,1.232,0,1
1,1.887,23.899,67.296,3.774,0.629,1,1,5.66,1.609,0,1
1,2.516,12.579,61.006,4.403,0.629,1,0,5.031,1.961,0,1
0,2.614,13.072,70.588,5.229,0.654,0,0,8.497,2.244,0,1
2,1.597,25.666,71.033,0.319,0.106,11,5,9.265,1.711,1,1
6,1.558,19.938,75.389,0.935,0.312,6,0,12.773,1.502,1,1
2,3.947,15.132,73.684,1.974,0.658,1,0,9.868,3.703,0,1
1,2.747,26.923,69.78,1.648,0.549,0,0,5.495,3.174,0,1
0,1.124,20.787,70.787,1.685,0.281,3,0,7.303,1.182,2,1
4,1.453,23.837,69.767,0.581,0.291,6,0,11.919,1.492,0,1
1,0.901,26.126,80.781,5.105,0.3,3,0,9.61,0.956,0,1
2,0.552,21.547,75.138,2.21,0.552,0,0,6.077,0.544,0,1
0,2.762,22.099,75.691,2.21,0.552,3,0,9.392,2.578,0,1
2,3.15,20.866,73.622,1.969,0.394,3,0,7.874,3.196,0,1
1,0.549,17.216,58.791,0.916,0.092,13,5,16.667,0.302,2,1
1,2.017,23.055,71.182,1.441,0.288,5,0,4.035,2.115,0,1
2,1.111,21.667,77.222,5.0,0.556,3,0,8.889,1.155,0,1
1,1.163,18.023,73.256,5.233,0.581,1,0,6.395,1.1,0,1
0,3.39,20.339,71.751,2.825,0.565,4,0,6.78,3.267,1,1
5,3.82,22.697,80.899,0.449,0.225,7,1,9.663,4.127,2,1
2,2.256,23.684,77.068,0.752,0.188,7,3,10.15,2.502,2,1
2,1.353,27.82,75.188,0.301,0.15,5,1,10.226,1.18,6,1
2,1.282,31.41,76.282,0.427,0.214,13,0,14.316,1.39,0,1
5,2.553,24.925,73.423,0.3,0.15,4,4,7.958,2.328,5,1
2,1.754,26.316,72.982,1.404,0.351,1,0,7.018,1.768,0,1
3,0.543,22.826,73.37,2.717,0.543,2,1,6.522,0.567,0,1
1,1.379,24.138,69.655,3.448,0.69,1,0,8.966,1.582,0,1
2,1.072,22.52,67.292,0.536,0.268,4,0,5.362,1.056,0,1
1,1.674,27.197,80.544,0.418,0.209,3,0,7.95,1.776,2,1
4,1.791,26.567,72.388,0.299,0.149,4,2,7.164,1.557,10,1
3,1.932,24.666,73.403,0.297,0.149,3,2,9.064,2.12,2,1
2,1.242,17.391,73.913,1.863,0.621,0,0,4.348,0.948,0,1
0,1.242,17.391,74.534,1.863,0.621,1,0,3.106,1.01,1,1
0,2.5,13.75,76.25,1.875,0.625,0,0,8.125,2.092,0,1
2,1.596,23.936,72.34,2.128,0.532,1,0,7.447,1.411,0,1
0,1.765,22.941,74.706,4.706,0.588,0,0,10.0,1.905,0,1
2,2.488,23.383,75.622,1.493,0.498,1,0,4.478,2.471,1,1
1,1.299,16.234,78.571,1.948,0.649,1,0,3.896,1.003,1,1
3,2.264,27.547,76.226,1.509,0.377,3,0,9.811,2.437,0,1
2,1.983,22.663,67.705,1.416,0.283,3,0,4.533,2.27,0,1
2,1.635,22.343,72.207,0.817,0.272,5,0,5.45,1.759,1,1
1,1.299,16.234,67.532,1.948,0.649,1,0,8.442,1.194,0,1
0,0.0,8.696,65.217,4.348,30.435,0,0,4.348,0.0,0,1
2,2.941,13.971,64.706,2.206,0.735,0,0,4.412,2.216,1,1
7,0.867,25.145,73.314,0.771,0.096,5,2,6.647,0.705,14,1
0,2.299,20.115,73.563,4.023,0.575,3,0,14.943,2.638,1,1
1,1.198,20.958,67.066,4.192,0.599,1,0,9.581,1.214,0,1
0,2.09,26.269,76.119,1.493,0.299,4,1,7.463,2.526,1,1
2,2.0,16.667,72.667,2.0,0.667,1,0,6.0,1.664,1,1
2,1.911,13.376,69.427,1.911,0.637,0,0,5.096,1.469,0,1
1,3.145,20.126,75.472,3.774,0.629,0,0,8.176,2.895,0,1
7,0.707,25.253,73.232,0.808,0.101,6,1,6.263,0.566,14,1
1,2.162,23.243,79.459,3.784,0.541,4,0,8.108,2.166,0,1
0,1.705,30.114,73.295,6.25,0.568,3,0,6.818,1.625,0,1
1,2.793,21.788,75.419,5.587,0.559,2,0,6.145,3.216,1,1
0,1.932,24.638,71.498,3.865,0.483,1,0,6.28,2.332,1,1
0,1.546,24.742,68.041,3.093,0.515,5,1,11.34,1.649,0,1
1,2.564,14.103,76.282,1.923,0.641,0,0,5.128,2.278,0,1
4,1.402,14.953,70.093,1.402,0.467,1,1,6.075,1.013,0,1
7,1.688,23.418,79.958,0.422,0.211,3,2,9.072,1.742,1,1
3,2.628,25.547,76.642,0.292,0.146,8,0,9.343,2.885,3,1
0,1.713,26.981,74.518,0.428,0.214,5,0,8.351,1.801,2,1
1,0.98,22.059,71.569,0.98,0.49,3,1,7.843,0.969,1,1
9,0.829,24.249,75.959,0.829,0.104,5,1,6.321,0.697,11,1
2,2.394,27.66,78.989,0.532,0.266,3,0,7.979,2.301,1,1
3,2.041,23.356,81.406,0.454,0.227,3,0,9.524,2.474,5,1
3,1.713,25.545,75.701,0.312,0.156,4,0,9.19,1.764,2,1
10,0.97,26.87,76.731,0.277,0.139,4,4,7.895,0.877,5,1
4,1.509,22.414,82.543,0.431,0.216,4,4,10.776,1.775,1,1
1,2.61,25.904,76.908,0.602,0.201,6,2,11.245,2.622,1,1
2,1.974,25.822,80.757,0.329,0.164,7,3,10.197,2.14,5,1
3,1.636,28.016,76.074,0.409,0.204,6,2,7.362,1.533,0,1
2,1.485,24.752,66.337,3.465,0.495,2,0,6.436,1.492,0,1
2,2.469,17.284,76.543,1.852,0.617,0,0,6.173,1.986,0,1
1,2.299,21.264,74.713,5.172,0.575,3,0,7.471,2.22,0,1
2,1.887,13.836,72.327,1.887,0.629,0,1,8.805,1.524,0,1
1,2.548,12.739,68.79,1.911,0.637,2,1,5.732,2.217,0,1
1,2.0,14.667,70.667,2.0,0.667,0,0,5.333,1.58,0,1
2,0.503,18.593,79.397,1.005,0.503,0,0,4.02,0.346,2,1
2,1.602,22.426,79.863,1.144,0.229,7,0,8.238,1.65,0,1
6,1.136,28.957,77.502,0.284,0.071,11,1,7.31,1.111,1,1
1,1.896,18.957,72.512,1.896,0.474,2,1,6.161,1.602,1,1
0,0.463,28.704,70.833,1.852,0.463,0,0,9.259,0.442,0,1
5,1.415,25.472,79.717,1.887,0.472,1,0,5.66,1.356,0,1
1,3.401,33.333,60.544,1.361,0.68,0,0,14.966,3.096,0,1
1,1.852,24.074,71.296,1.852,0.463,1,0,6.944,1.583,0,1
7,1.65,15.842,77.888,0.66,0.33,3,0,11.221,1.756,0,1
1,2.374,27.596,75.964,1.78,0.297,1,0,5.638,2.047,0,1
3,2.299,29.195,75.402,0.69,0.23,5,0,7.126,2.54,1,1
1,1.365,26.28,68.942,1.365,0.341,6,0,5.119,1.603,1,1
5,1.437,24.79,72.216,0.359,0.12,10,0,9.461,1.449,0,1
11,1.929,22.64,68.02,0.711,0.102,17,3,8.934,1.95,0,1
1,3.409,26.705,66.477,5.114,0.568,3,1,9.091,2.993,1,1
0,2.857,25.714,64.571,3.429,0.571,1,0,8.571,3.199,0,1
2,1.685,26.404,65.73,6.18,0.562,1,2,9.551,1.681,1,1
3,1.95,28.691,75.487,2.507,0.279,3,0,10.306,2.005,1,1
2,1.685,28.09,73.034,6.18,0.562,1,1,7.865,1.768,1,1
2,1.597,23.003,73.482,0.958,0.319,3,1,7.348,1.535,0,1
3,2.188,22.5,74.375,0.938,0.313,5,1,7.813,2.364,0,1
6,1.994,26.211,76.068,0.855,0.285,6,0,8.262,1.97,0,1
1,0.856,24.24,77.376,0.285,0.095,11,2,11.977,0.778,2,1
5,0.657,25.452,73.892,0.246,0.082,14,3,9.524,0.601,0,1
0,2.181,24.922,80.062,1.558,0.312,7,1,9.346,2.391,0,1
3,2.614,29.085,73.856,1.307,0.327,1,2,6.209,2.371,0,1
3,2.0,26.667,71.667,2.333,0.333,4,1,6.667,2.042,4,1
2,1.935,20.0,73.871,2.581,0.323,2,2,5.806,1.495,0,1
3,2.273,24.242,67.424,5.303,0.758,1,0,6.061,1.974,0,1
3,0.571,21.143,76.571,4.0,0.571,1,0,7.429,0.478,0,1
1,1.613,23.548,73.871,4.194,0.323,0,0,7.742,1.125,1,1
2,1.935,25.161,72.581,0.645,0.323,2,1,8.387,1.515,2,1
0,1.597,21.086,74.76,3.514,0.319,1,3,6.39,1.299,0,1
3,2.062,20.412,74.227,0.412,0.206,4,0,7.01,2.083,0,1
1,1.838,22.059,74.265,2.574,0.368,4,3,9.191,1.501,2,1
0,3.571,23.214,70.0,1.786,0.357,1,0,3.571,2.512,1,1
0,5.109,15.693,65.693,5.474,0.365,0,0,1.825,3.709,1,1
1,1.639,18.033,55.738,1.639,0.82,1,0,5.738,1.46,0,1
2,1.622,21.622,78.919,2.162,0.541,0,0,7.568,1.458,0,1
0,3.468,23.699,76.301,3.468,0.578,0,1,6.358,3.422,0,1
3,2.564,32.308,76.923,3.077,0.513,2,0,4.103,2.821,0,1
2,0.562,24.157,73.596,2.247,0.562,1,0,7.303,0.612,0,1
0,2.994,16.766,68.263,2.994,0.599,3,0,8.982,2.994,0,1
0,2.92,20.438,78.102,5.109,0.73,2,0,5.839,1.899,1,1
0,1.942,15.534,70.874,4.854,0.971,0,0,2.913,1.462,1,1
2,3.401,23.81,73.696,1.587,0.227,6,2,4.535,2.554,0,1
13,1.193,20.824,75.271,0.434,0.108,8,0,5.965,1.302,2,1
1,1.961,23.529,75.63,2.801,0.28,3,3,9.524,2.328,0,1
1,1.087,23.37,72.283,2.174,0.543,3,0,9.783,1.051,0,1
0,2.198,24.725,76.923,2.198,0.549,4,0,9.89,2.296,0,1
6,0.472,25.236,72.877,1.651,0.236,3,1,6.368,0.493,3,1
0,3.468,24.277,80.347,3.468,0.578,1,0,8.092,3.651,0,1
0,1.493,25.672,72.836,2.09,0.299,5,0,10.746,1.677,0,1
1,1.604,29.144,75.668,1.872,0.267,4,1,6.952,1.421,0,1
1,2.167,26.935,76.78,2.477,0.31,1,0,6.811,2.329,0,1
24,0.317,14.791,73.217,0.264,0.053,8,2,8.822,0.183,3,1
3,1.083,17.906,64.982,0.578,0.072,15,0,13.357,0.676,1,1
4,0.858,17.839,64.408,0.429,0.086,13,3,12.864,0.523,4,1
3,1.105,25.414,70.718,3.867,0.552,2,1,8.84,1.095,0,1
1,0.334,18.729,72.575,0.669,0.334,4,1,10.368,0.388,0,1
1,3.67,24.159,75.841,0.612,0.306,3,1,6.728,4.238,0,1
3,1.005,19.397,60.704,0.603,0.101,10,5,16.583,0.555,1,1
3,0.577,16.676,53.145,0.404,0.058,9,3,20.023,0.273,2,1
0,1.754,24.561,74.269,4.094,0.585,0,2,7.018,1.748,1,1
1,1.111,27.778,73.333,3.889,0.556,0,0,8.333,1.232,0,1
2,2.286,23.429,78.857,2.286,0.571,4,0,6.286,2.194,0,1
0,1.84,20.859,74.847,3.067,0.613,1,0,7.362,1.824,0,1
0,0.592,28.994,69.822,1.775,0.592,3,1,5.917,0.7,0,1
18,2.123,25.683,79.171,0.708,0.101,16,0,10.212,2.203,0,1
4,2.597,27.922,74.675,2.597,0.325,2,0,5.844,3.152,1,1
4,0.302,25.13,76.554,0.475,0.043,9,3,33.851,0.254,3,1
0,2.083,18.056,72.222,2.778,0.694,1,0,7.639,1.989,2,1
2,0.883,23.841,74.172,1.987,0.221,2,1,9.713,0.821,2,1
2,2.215,19.304,74.367,1.582,0.316,2,1,7.911,2.3,0,1
2,3.374,28.528,70.552,0.613,0.307,4,1,9.509,3.898,1,1
15,1.758,25.361,78.719,0.439,0.063,29,0,12.304,1.867,0,1
1,1.344,26.882,77.151,1.075,0.269,5,1,9.409,1.434,2,1
0,2.128,23.404,75.532,2.128,0.532,0,0,6.915,2.122,1,1
1,1.079,24.101,74.101,3.957,0.36,4,2,7.554,1.126,0,1
3,0.711,23.697,71.801,0.474,0.237,3,2,11.611,0.615,0,1
1,1.699,29.612,79.369,0.728,0.243,10,0,8.738,1.715,0,1
2,2.752,30.275,73.7,0.612,0.306,5,0,7.951,3.366,3,1
0,1.449,21.739,76.087,3.623,0.362,2,2,7.971,1.531,0,1
6,2.304,22.827,79.267,0.209,0.105,12,1,9.843,2.549,0,1
1,1.974,21.053,76.974,0.658,0.329,2,1,8.882,2.084,0,1
0,1.705,26.136,76.705,5.682,0.568,1,0,10.227,1.782,2,1
3,0.659,28.571,71.209,0.44,0.22,4,2,11.429,0.568,0,1
0,3.535,23.737,73.232,2.02,0.505,0,0,12.121,3.376,0,1
1,2.907,23.837,72.965,5.233,0.291,3,0,11.919,3.066,1,1
1,2.732,23.497,71.585,1.093,0.546,0,0,8.197,2.816,0,1
1,1.99,20.896,71.144,1.493,0.498,2,0,9.453,1.878,0,1
2,3.041,27.027,72.973,1.689,0.338,2,0,3.716,3.612,3,1
1,3.175,21.164,80.952,2.116,0.529,4,0,9.524,2.912,0,1
1,4.348,22.609,74.783,4.348,0.87,0,0,5.217,4.311,0,1
2,2.266,24.363,77.904,0.567,0.283,5,3,7.649,2.623,1,1
1,2.222,21.111,77.222,2.778,0.556,0,0,5.0,1.913,0,1
19,1.278,25.526,72.444,0.075,0.038,34,3,9.06,1.358,1,1
4,3.093,23.196,78.351,1.031,0.515,4,0,7.216,3.242,0,1
7,1.329,24.744,77.607,0.307,0.102,7,2,8.589,1.536,2,1
12,2.549,21.089,72.422,0.463,0.116,9,0,7.532,2.964,1,1
3,2.778,29.444,80.556,2.222,0.556,4,0,12.222,3.182,0,1
0,3.529,28.824,81.765,1.176,0.588,2,0,8.824,3.776,0,1
0,3.209,28.342,80.749,1.07,0.535,5,0,5.882,3.177,2,1
2,2.26,26.554,74.011,2.542,0.282,4,0,8.757,2.404,1,1
1,0.599,28.144,71.257,6.587,0.599,0,0,4.192,0.566,0,1
19,1.569,25.742,72.307,0.085,0.042,31,3,9.457,1.64,2,1
0,2.793,21.788,69.274,2.235,0.559,2,1,7.821,3.276,0,1
2,1.17,23.392,75.439,7.602,0.585,1,1,10.526,1.239,1,1
20,1.311,23.657,74.246,0.262,0.066,19,2,8.453,1.363,0,1
1,2.062,25.258,66.495,2.577,0.515,0,1,4.639,1.894,1,1
1,1.928,29.201,75.482,1.102,0.275,3,0,7.713,2.111,0,1
16,1.6,25.76,78.8,0.96,0.08,12,0,8.88,1.709,1,1
3,1.235,27.778,77.16,2.469,0.617,2,0,6.173,1.29,1,1
2,1.286,24.116,69.132,2.251,0.322,6,0,7.074,1.346,0,1
0,2.194,29.467,76.489,1.881,0.313,1,1,7.524,1.692,1,1
1,0.271,29.378,73.753,0.077,0.039,10,2,42.134,0.207,0,1
12,1.617,23.383,73.845,0.52,0.058,19,3,6.467,1.844,10,1
5,1.29,23.044,74.205,0.258,0.086,22,1,9.458,1.337,3,1
4,0.228,14.486,76.009,0.26,0.033,10,2,42.253,0.231,1,1
1,1.25,22.5,76.25,4.375,0.625,2,0,5.0,1.404,0,1
4,1.295,24.525,73.489,0.518,0.086,16,1,9.499,1.344,4,1
3,1.515,25.134,77.718,0.802,0.089,13,1,9.091,1.555,2,1
2,1.108,23.546,75.0,0.623,0.069,19,2,8.934,0.999,1,1
1,3.96,22.772,73.267,8.911,0.99,0,1,6.931,5.657,0,1
2,5.442,21.769,61.905,2.041,0.68,0,1,6.122,4.914,0,1
1,2.024,27.53,73.279,2.024,0.405,1,0,8.502,1.681,1,1
5,2.328,22.701,74.505,0.349,0.116,9,1,8.847,2.178,4,1
1,1.176,17.647,67.059,8.235,1.176,2,0,9.412,1.061,0,1
2,2.5,29.375,56.25,3.125,0.625,1,0,4.375,2.661,0,1
2,4.348,26.087,67.081,3.106,0.621,2,0,6.832,6.018,0,1
3,1.231,26.769,76.923,1.538,0.308,2,0,5.846,1.114,0,1
0,4.151,23.019,74.717,0.755,0.377,3,0,10.189,4.693,1,1
2,1.456,25.243,68.447,4.369,0.485,0,0,7.282,1.303,1,1
1,2.244,22.436,71.474,1.282,0.321,4,1,10.256,2.556,0,1
1,0.588,24.853,72.794,0.147,0.441,4,2,7.353,0.632,3,1
1,2.101,23.529,65.546,2.941,0.42,4,0,11.765,1.847,0,1
1,2.516,26.415,61.635,3.145,0.629,3,0,5.031,2.04,0,1
6,2.258,26.452,81.452,0.323,0.161,5,3,5.806,1.851,3,1
3,2.742,21.938,72.761,1.463,0.183,10,1,10.238,2.928,0,1
0,1.176,21.765,69.412,2.647,0.294,2,0,8.824,1.563,0,1
0,3.03,21.212,72.727,4.04,1.01,2,0,8.081,3.519,1,1
1,2.888,23.466,72.563,1.444,0.361,4,0,11.913,2.964,0,1
0,2.151,31.183,67.742,3.226,1.075,2,0,7.527,3.855,1,1
0,0.606,24.242,70.909,2.424,0.606,2,0,7.879,0.564,0,1
0,0.667,35.333,74.0,4.667,0.667,0,0,2.667,0.511,0,1
1,2.395,29.341,76.048,1.796,0.599,1,0,8.383,2.541,0,1
0,2.278,23.235,74.715,2.05,0.228,9,2,8.884,3.085,2,1
3,1.786,25.992,74.603,0.397,0.198,5,2,6.548,1.946,6,1
12,0.878,23.614,74.954,0.277,0.046,27,4,6.285,1.069,20,1
17,0.837,23.592,75.685,0.228,0.038,33,5,6.202,1.02,25,1
2,2.692,22.692,74.615,1.154,0.385,0,1,8.077,2.152,1,1
3,0.298,24.107,76.339,0.298,0.149,7,1,6.399,0.341,1,1
5,0.372,23.327,74.349,1.487,0.093,2,1,3.346,0.339,9,1
1,0.501,23.205,68.614,0.501,0.167,8,1,10.351,0.549,0,1
3,4.194,25.806,66.452,0.323,1.29,3,1,4.839,4.239,0,1
1,2.913,20.146,71.117,3.641,0.243,9,0,6.068,2.017,1,1
0,1.98,26.733,72.277,10.891,0.99,1,0,5.941,0.98,0,1
0,4.95,24.752,74.257,10.891,0.99,2,0,6.931,2.391,0,1
1,0.952,25.714,69.206,2.857,0.317,4,1,9.524,0.911,0,1
0,2.055,20.89,72.945,4.11,0.342,2,1,7.534,1.946,2,1
0,2.076,21.453,73.01,3.46,0.346,0,0,6.574,1.781,3,1
1,3.143,20.571,75.714,3.714,0.286,9,1,5.714,1.711,1,1
0,3.38,20.845,75.775,3.662,0.282,12,1,7.042,1.868,1,1
0,2.688,32.796,78.495,1.613,0.538,3,1,10.215,2.803,3,1
3,4.878,20.325,77.236,4.065,0.407,2,0,5.285,3.959,0,1
2,1.429,25.429,77.714,0.571,0.286,1,1,8.0,1.099,0,1
0,1.887,33.333,74.214,2.516,0.629,1,0,9.434,1.603,0,1
0,6.962,20.886,71.519,2.532,0.633,1,1,6.329,6.062,1,1
1,1.893,21.136,67.192,0.946,0.315,7,0,8.517,1.957,0,1
0,0.0,60.0,73.333,6.667,13.333,0,0,6.667,0.0,0,1
0,3.597,23.022,76.978,2.878,0.36,7,0,8.993,1.758,0,1
10,0.895,23.898,66.006,0.383,0.064,13,2,5.112,0.863,4,1
0,4.808,19.231,77.885,1.923,0.962,2,1,11.538,6.144,0,1
2,1.587,21.587,68.889,0.952,0.317,7,1,7.619,1.506,1,1
0,2.092,20.921,76.987,2.51,0.418,2,1,5.858,2.061,0,1
3,1.53,25.869,75.8,3.06,0.139,3,1,9.179,1.345,2,1
4,2.232,25.744,75.893,0.744,0.149,3,3,5.952,2.508,3,1
4,0.991,24.164,69.888,0.372,0.124,6,3,6.196,1.022,1,1
2,2.564,20.192,74.359,1.603,0.321,7,3,8.654,3.156,0,1
4,0.613,21.166,78.528,1.84,0.307,4,2,6.442,0.584,1,1
4,2.251,28.296,74.277,0.643,0.322,1,0,7.074,2.719,1,1
10,2.831,29.828,80.485,0.404,0.101,10,1,6.673,3.277,4,1
4,2.815,25.333,72.296,1.037,0.148,8,3,4.444,1.926,2,1
1,0.441,22.026,71.806,7.489,0.441,0,0,4.405,0.487,1,1
0,3.07,24.561,73.246,0.877,0.439,3,1,4.825,2.872,1,1
0,1.613,31.452,79.032,1.613,0.806,2,1,6.452,1.307,1,1
1,1.994,24.217,70.085,1.14,0.285,6,3,7.977,1.753,1,1
0,4.067,26.316,73.684,2.871,0.239,8,0,7.177,2.474,0,1
1,2.278,20.105,74.157,0.088,0.044,61,5,35.699,2.08,0,1
0,0.665,13.941,72.644,0.055,0.028,164,2,44.512,0.653,0,1
0,2.649,21.854,69.536,4.636,0.662,0,0,3.974,3.864,0,1
1,0.739,24.384,72.167,0.493,0.246,4,0,5.665,0.95,1,1
1,1.84,28.834,76.074,1.84,0.613,0,0,6.748,2.357,0,1
12,1.598,25.563,77.342,0.436,0.073,11,3,7.988,1.82,2,1
1,0.391,29.688,63.281,0.781,0.391,2,0,13.672,0.452,1,1
0,0.905,21.719,71.946,1.357,0.452,3,2,12.217,0.772,0,1
1,2.811,22.088,77.51,3.213,0.402,4,0,10.04,2.821,0,1
2,1.754,27.193,75.0,3.509,0.439,3,0,11.842,1.903,0,1
2,0.319,24.92,77.955,0.639,0.319,2,0,9.265,0.29,0,1
0,1.342,26.174,77.181,2.013,0.671,0,0,12.081,1.18,0,1
0,1.575,29.921,65.354,11.811,0.787,1,0,7.087,1.713,1,1
1,0.685,26.256,75.342,0.685,0.228,2,1,9.589,0.559,1,1
4,0.136,27.815,73.134,0.678,0.136,11,0,9.227,0.125,2,1
1,0.215,28.172,79.785,0.645,0.215,2,2,10.753,0.193,0,1
1,0.481,29.327,76.923,1.442,0.481,0,1,9.615,0.443,0,1
0,2.679,27.679,76.786,3.571,0.446,3,0,8.482,2.723,0,1
3,2.667,24.444,74.222,3.556,0.444,4,1,7.556,2.571,1,1
0,3.947,18.421,75.0,6.579,1.316,0,0,5.263,3.752,0,1
0,1.992,23.904,75.299,2.789,0.398,3,0,5.179,2.498,2,1
4,1.241,29.787,72.34,0.355,0.177,4,2,3.901,1.367,8,1
1,0.087,23.211,75.916,0.262,0.087,3,34,7.504,0.092,1,1
3,0.627,24.687,81.203,0.752,0.125,4,2,8.02,0.601,1,1
3,2.264,20.755,78.868,6.038,0.377,2,0,8.302,2.163,0,1
5,1.026,27.949,76.667,1.795,0.256,2,1,5.897,0.976,1,1
3,0.832,26.491,77.67,0.277,0.139,7,1,8.044,0.687,6,1
5,0.82,25.902,69.672,0.656,0.164,5,3,8.689,0.809,2,1
2,4.706,25.882,68.235,4.706,0.588,2,0,8.235,4.639,0,1
0,5.521,21.472,63.804,1.84,0.613,3,0,4.908,6.097,0,1
6,2.646,25.926,75.485,0.529,0.176,5,0,3.88,2.547,2,1
11,1.694,26.112,72.689,0.141,0.071,11,2,7.481,1.757,1,1
20,1.259,26.952,74.496,0.756,0.063,16,3,10.264,1.339,3,1
2,0.99,20.462,74.587,2.97,0.33,3,0,8.581,0.898,0,1
3,0.595,22.917,76.488,0.595,0.298,3,2,8.036,0.586,0,1
3,2.388,30.448,76.418,2.09,0.299,3,1,8.657,2.62,0,1
1,1.0,36.5,71.0,0.5,0.5,1,0,16.0,1.161,0,1
1,0.885,33.628,73.009,0.442,0.442,1,0,16.814,0.962,0,1
1,1.923,25.0,73.798,2.885,0.24,3,2,9.856,2.041,1,1
6,0.279,27.095,73.464,0.559,0.14,4,1,7.263,0.239,5,1
2,1.645,25.0,70.724,1.974,0.329,3,0,6.908,1.83,2,1
4,1.099,27.747,71.429,1.099,0.275,5,1,11.538,1.309,0,1
1,2.064,25.0,75.917,0.688,0.229,5,1,7.11,2.07,0,1
2,2.083,29.762,77.679,2.083,0.298,1,0,8.631,2.265,0,1
3,2.941,27.778,76.797,1.307,0.327,3,1,6.536,2.747,1,1
0,0.0,21.711,73.026,1.974,1.974,0,0,5.263,0.0,4,1
1,2.589,22.654,77.023,3.236,0.324,0,1,5.825,1.905,0,1
5,1.686,25.295,74.03,0.337,0.169,4,1,7.589,1.683,0,1
1,2.39,17.53,72.908,5.179,0.398,1,1,11.554,2.151,0,1
0,1.678,21.141,74.497,2.349,0.336,1,1,8.725,1.51,1,1
0,2.941,24.51,77.451,3.268,0.327,4,0,9.15,2.686,2,1
15,1.023,27.193,76.023,0.146,0.073,14,2,4.532,1.043,8,1
3,0.823,28.395,74.486,0.823,0.412,2,0,3.704,0.745,0,1
6,0.795,27.584,74.006,0.245,0.061,13,2,9.48,0.751,2,1
0,2.143,29.286,70.0,1.429,0.357,4,0,12.5,2.341,1,1
2,1.408,22.535,69.014,5.634,0.704,2,0,11.268,1.364,0,1
11,1.631,24.537,76.798,0.148,0.074,11,1,9.192,1.74,1,1
11,1.592,21.194,75.025,0.398,0.1,13,0,8.458,1.63,1,1
3,2.367,25.444,67.456,0.888,0.296,6,2,7.988,2.077,0,1
3,1.347,18.182,70.707,1.684,0.337,2,0,7.071,1.619,0,1
8,1.901,22.687,75.665,0.951,0.063,18,7,6.654,1.918,4,1
1,2.273,23.864,76.705,1.136,0.568,1,0,9.659,2.146,0,1
2,1.075,28.495,73.118,1.613,0.538,2,0,6.452,1.01,0,1
3,1.938,28.682,75.969,1.744,0.194,8,0,7.364,1.989,0,1
0,2.128,24.924,75.988,0.912,0.304,3,0,6.991,1.05,0,1
0,1.333,32.0,80.667,1.333,0.667,5,0,8.667,0.716,0,1
0,0.952,19.048,77.143,2.857,0.952,1,0,7.619,0.456,0,1
1,2.273,26.136,72.5,0.909,0.227,7,0,8.864,1.16,0,1
3,2.867,24.731,70.251,2.509,0.358,2,1,11.47,3.121,0,1
2,1.538,24.231,75.0,4.231,0.385,2,0,9.615,1.663,0,1
4,1.538,25.538,72.615,0.923,0.308,4,1,5.846,1.423,0,1
8,1.196,28.23,74.88,0.478,0.239,3,0,6.22,1.298,1,1
1,6.667,25.333,74.667,2.667,1.333,1,0,16.0,7.712,1,1
2,2.778,20.833,77.083,1.389,0.694,1,0,5.556,3.741,2,1
1,1.792,20.251,72.581,0.717,0.179,5,3,10.753,1.742,0,1
2,1.643,19.507,70.637,0.616,0.205,6,1,6.16,1.659,2,1
2,2.349,27.181,75.503,2.349,0.336,2,0,5.369,2.212,0,1
0,3.209,22.46,72.727,1.604,0.535,0,0,5.348,3.176,0,1
2,3.125,24.375,70.625,3.125,0.625,1,0,5.0,3.384,0,1
5,3.125,26.25,61.25,3.125,0.625,2,0,8.125,3.604,0,1
0,2.151,19.355,69.355,1.613,0.538,1,0,4.839,2.062,0,1
1,1.017,21.695,70.847,0.678,0.339,0,0,7.119,0.857,0,1
2,0.0,24.901,70.751,0.395,2.372,2,0,9.091,0.0,0,1
2,0.92,20.552,78.221,2.761,0.307,3,1,5.828,0.834,4,1
4,0.557,24.92,74.761,0.159,0.08,11,0,9.315,0.67,0,1
6,0.247,24.691,72.346,1.481,0.247,1,2,4.198,0.215,3,1
1,0.905,27.149,75.113,0.452,0.452,4,1,5.882,0.911,0,1
3,1.114,22.284,75.487,0.836,0.279,3,1,7.242,0.89,2,1
1,1.51,21.309,71.477,0.503,0.168,6,1,7.047,1.728,2,1
8,1.18,24.64,79.489,0.262,0.066,19,1,11.271,1.304,1,1
4,2.431,25.122,72.771,0.324,0.162,4,1,4.7,2.514,2,1
4,1.143,24.857,67.714,0.19,0.095,9,2,8.0,1.168,4,1
8,0.751,22.222,74.625,0.3,0.15,5,1,6.907,0.818,1,1
1,1.902,20.924,75.815,2.174,0.272,4,2,10.054,1.72,0,1
0,1.818,26.667,62.424,3.03,0.606,2,1,9.697,1.894,0,1
0,2.527,20.217,78.7,2.527,0.361,3,0,6.498,2.647,1,1
1,1.497,20.06,73.054,2.096,0.299,2,0,12.874,1.685,0,1
6,0.071,23.63,67.9,0.641,0.071,16,5,11.886,0.07,3,1
3,0.317,26.61,74.129,0.845,0.106,12,7,10.771,0.337,2,1
7,3.236,22.977,78.317,0.971,0.324,1,0,2.589,3.168,1,1
1,2.846,20.732,67.48,2.846,0.407,1,0,6.911,2.042,0,1
1,1.544,25.097,67.568,1.351,0.193,7,0,8.88,1.432,0,1
2,1.964,19.967,75.614,0.409,0.082,5,4,13.666,1.001,0,1
6,0.975,28.83,77.646,0.279,0.07,10,2,7.242,0.898,2,1
9,1.728,29.136,72.099,0.247,0.494,0,1,3.704,2.083,4,1
38,0.624,25.182,75.65,0.078,0.026,19,5,7.9,0.646,4,1
3,2.841,25.568,73.011,0.568,0.284,2,1,5.398,2.615,1,1
1,1.657,27.624,70.166,3.867,0.552,1,0,9.945,1.841,2,1
2,0.85,28.045,74.788,1.133,0.283,0,2,7.649,0.716,4,1
3,0.425,27.813,72.824,0.849,0.212,2,0,7.856,0.363,3,1
0,0.0,16.505,71.845,0.971,21.359,0,1,2.913,0.0,1,1
1,1.386,29.099,76.212,0.693,0.231,1,0,8.545,1.357,0,1
3,2.746,29.291,79.176,1.144,0.229,5,0,8.009,2.94,1,1
4,1.367,28.702,76.082,1.139,0.228,5,1,9.795,1.482,0,1
0,1.389,21.528,77.083,3.125,0.347,3,2,6.25,1.152,1,1
1,2.508,29.467,69.906,0.627,0.313,12,0,14.734,2.66,0,1
4,1.541,25.657,78.604,0.181,0.091,11,0,6.528,1.746,1,1
1,2.074,31.336,74.194,0.691,0.23,6,0,8.986,2.112,0,1
3,2.636,28.527,69.457,1.705,0.155,13,1,7.442,2.77,1,1
1,1.224,23.776,76.049,1.224,0.087,13,0,10.14,1.17,0,1
0,2.778,30.556,75.926,0.926,2.778,1,0,16.667,1.881,0,1
1,1.657,23.757,69.613,1.657,0.552,0,0,7.735,1.667,0,1
0,2.731,28.68,74.052,0.759,0.152,5,2,6.98,2.14,3,1
1,2.395,25.449,75.449,0.898,0.299,4,0,8.982,2.791,1,1
5,2.062,24.89,74.816,0.736,0.147,1,4,4.418,1.374,5,1
8,0.651,22.786,73.958,0.651,0.065,17,2,9.896,0.711,0,1
9,0.745,22.546,72.783,0.677,0.068,14,1,9.546,0.762,1,1
2,1.807,21.084,71.687,1.807,0.602,0,0,8.434,1.777,0,1
3,1.965,25.147,73.084,2.554,0.196,3,2,6.09,1.843,1,1
6,2.069,24.655,74.138,0.517,0.172,4,3,8.621,2.041,1,1
0,2.286,13.714,68.0,2.857,0.571,0,0,5.143,2.001,0,1
1,2.025,26.076,73.924,2.025,0.253,6,3,13.924,2.251,0,1
3,1.695,21.469,76.271,5.085,0.565,2,0,7.345,1.502,0,1
3,0.634,24.454,80.127,0.423,0.07,44,2,21.917,0.661,5,1
6,0.45,22.286,72.704,0.642,0.064,19,2,9.249,0.489,0,1
6,1.824,19.757,76.596,0.912,0.304,2,1,6.079,1.795,2,1
1,2.276,26.64,74.967,1.205,0.134,15,6,7.229,1.918,8,1
1,2.62,29.112,73.654,2.475,0.146,5,2,6.405,2.565,1,1
3,1.27,21.416,74.047,0.363,0.181,6,1,5.989,1.145,2,1
2,0.565,22.128,80.979,0.377,0.094,15,2,8.663,0.557,3,1
1,5.0,23.824,74.706,1.176,0.294,7,1,11.765,4.794,2,1
2,1.639,27.422,68.703,1.639,0.149,16,0,11.028,1.636,1,1
13,0.496,25.36,75.931,0.199,0.05,11,4,7.593,0.538,3,1
15,1.185,24.778,73.889,0.197,0.049,21,4,8.44,1.237,0,1
0,1.449,21.739,60.87,1.449,4.348,2,0,7.246,1.483,0,1
1,0.413,23.14,76.033,1.24,1.24,3,0,9.917,0.38,0,1
0,0.429,26.609,74.678,1.288,1.288,1,0,6.009,0.456,1,1
1,0.83,26.971,76.763,1.245,1.245,2,0,9.544,0.751,0,1
1,2.518,29.137,73.381,1.439,0.36,1,0,10.072,2.379,0,1
3,1.124,21.348,76.966,0.843,0.281,5,1,10.112,1.237,0,1
4,1.695,20.056,79.379,0.565,0.282,6,0,8.475,1.743,0,1
10,2.105,23.891,75.939,0.341,0.057,26,5,13.254,2.594,0,1
4,1.386,24.289,78.191,0.875,0.073,9,0,9.263,1.511,4,1
0,2.917,21.25,81.25,1.25,1.25,8,0,12.083,3.058,0,1
1,2.439,27.134,69.055,1.677,0.152,14,2,8.537,2.345,1,1
0,0.694,25.077,76.852,0.154,0.077,15,2,11.497,0.628,10,1
8,0.8,23.533,68.8,0.6,0.067,17,4,5.867,0.669,6,1
3,2.703,19.305,72.201,0.772,0.386,3,0,5.792,2.982,0,1
1,0.552,25.967,74.586,4.972,0.552,1,0,8.287,0.569,0,1
0,0.377,24.151,77.736,0.755,0.755,4,1,11.321,0.373,0,1
0,2.429,22.267,77.935,1.822,0.202,6,1,6.275,2.643,2,1
1,3.896,26.623,71.429,2.597,0.649,2,0,7.792,3.133,0,1
10,0.542,24.458,76.715,0.181,0.09,11,3,6.408,0.507,7,1
2,4.215,25.761,77.049,0.703,0.234,8,0,6.089,2.496,0,1
1,0.948,8.768,85.782,2.37,0.237,11,0,6.635,0.765,0,1
9,2.164,22.257,78.053,0.773,0.155,7,0,7.573,1.734,2,1
1,2.685,27.517,80.537,2.013,0.671,3,0,6.04,1.366,0,1
1,2.255,22.016,72.546,0.663,0.265,10,3,10.61,2.345,2,1
2,0.662,17.881,80.795,5.298,0.662,0,0,8.609,0.592,1,1
16,2.169,21.043,73.329,0.528,0.059,12,4,5.627,2.411,8,1
0,1.77,24.779,71.681,2.655,0.442,0,0,11.062,1.721,0,1
4,0.996,22.069,73.487,0.383,0.077,10,4,6.054,0.866,4,1
9,0.364,22.404,74.59,1.184,0.091,7,5,5.92,0.352,2,1
3,2.332,26.425,73.575,0.777,0.259,2,0,6.477,2.509,0,1
1,0.653,22.612,73.306,0.653,0.082,23,0,14.612,0.671,2,1
6,0.177,23.894,73.451,0.708,0.177,13,6,5.841,0.124,0,1
0,0.664,25.332,74.115,0.442,0.111,10,2,9.513,0.682,1,1
36,0.535,24.866,76.545,0.146,0.049,6,0,4.574,0.422,4,1
5,1.453,23.487,72.155,0.726,0.242,3,0,6.053,1.785,2,1
3,2.682,19.923,68.199,0.766,0.383,2,0,8.429,2.591,0,1
6,2.198,21.49,74.359,0.855,0.122,8,2,8.059,2.217,4,1
0,2.459,25.41,60.656,0.82,0.82,3,0,15.574,2.057,0,1
1,2.665,27.743,73.824,1.724,0.157,5,1,6.426,2.084,1,1
4,2.462,22.0,75.385,0.308,0.154,11,2,5.385,2.752,3,1
2,3.261,28.804,71.739,4.348,0.543,2,0,7.065,3.319,0,1
1,1.794,19.731,63.229,0.448,0.224,4,1,10.314,1.927,1,1
61,1.046,24.986,74.078,0.083,0.028,15,1,7.375,1.08,1,1
2,2.188,26.563,77.188,1.563,0.313,4,1,7.813,2.264,0,1
1,2.353,27.059,68.382,1.618,0.147,11,3,9.706,2.323,0,1
2,3.082,27.74,69.178,1.884,0.171,16,0,11.986,3.068,0,1
11,0.982,24.46,71.807,0.589,0.098,3,0,10.806,0.977,0,1
1,1.629,24.104,74.593,0.651,0.326,2,0,3.583,1.634,4,1
4,2.937,28.284,73.416,0.464,0.155,5,3,6.801,1.955,5,1
2,0.671,19.799,73.826,4.362,0.336,1,1,5.034,0.609,1,1
4,0.691,22.581,69.585,0.461,0.23,4,0,11.751,0.588,1,1
3,0.838,25.698,69.274,1.397,0.279,4,0,8.939,1.034,3,1
2,0.588,14.706,68.235,1.765,1.765,1,0,8.235,0.615,0,1
4,1.867,22.614,74.274,2.697,0.207,1,2,7.054,1.958,1,1
1,3.226,27.419,70.43,1.613,0.538,0,1,6.452,3.357,0,1
3,2.597,24.351,72.078,2.273,0.325,2,0,5.195,2.469,0,1
4,1.259,22.662,72.842,0.36,0.18,3,2,7.734,1.325,1,1
5,1.52,19.932,74.324,1.858,0.169,4,0,9.122,1.497,0,1
2,1.004,23.896,69.679,2.41,0.201,2,2,5.02,0.933,0,1
1,0.35,22.028,74.825,0.699,0.35,1,0,6.993,0.379,0,1
14,1.184,24.188,75.175,0.395,0.03,16,1,8.862,1.247,1,1
5,1.216,25.228,77.204,0.608,0.152,5,0,12.462,1.14,0,1
10,1.558,24.198,76.169,0.733,0.092,14,1,7.791,1.6,1,1
8,1.931,21.03,77.682,0.644,0.215,5,2,7.94,1.658,0,1
6,1.401,28.291,78.805,0.56,0.093,39,1,18.954,1.277,1,1
2,2.578,16.943,73.112,1.105,0.184,1,1,6.63,2.765,0,1
8,0.758,23.804,72.129,0.08,0.04,36,10,5.263,0.796,28,1
2,1.216,22.796,72.34,1.216,0.304,4,0,10.334,1.142,0,1
1,0.654,26.797,66.667,2.614,0.654,0,0,3.922,0.513,0,1
3,1.697,25.318,74.823,0.99,0.141,9,0,7.355,1.757,0,1
6,1.113,24.28,67.474,0.589,0.065,9,3,5.89,1.072,4,1
2,0.844,23.629,74.262,1.603,0.084,18,3,4.304,0.675,6,1
0,7.566,25.0,70.066,0.987,0.329,1,1,3.289,6.235,1,1
1,1.299,26.84,69.697,0.433,10.39,0,1,3.896,1.133,1,1
1,2.244,21.696,74.065,0.748,0.249,6,0,12.219,2.017,0,1
4,2.813,28.75,75.313,0.625,0.313,2,0,3.438,2.435,1,0
5,3.309,24.173,75.108,1.439,0.144,2,3,5.899,2.74,4,0
1,2.974,24.164,79.926,1.115,0.372,3,1,8.178,4.276,2,0
1,1.509,26.724,75.431,0.862,0.216,2,4,5.388,1.352,2,0
1,2.5,25.0,75.833,2.5,0.833,1,0,3.333,3.774,3,0
3,2.564,28.846,77.991,0.427,0.214,0,2,4.274,2.55,5,0
2,1.203,27.368,72.331,0.451,0.15,4,0,5.564,1.388,4,0
6,2.954,26.16,79.325,0.422,0.211,0,1,4.219,3.221,3,0
3,2.559,24.947,77.612,1.066,0.213,3,2,5.33,3.229,5,0
1,2.262,29.864,75.113,0.905,0.452,1,1,4.072,2.224,0,0
0,1.145,22.901,70.611,1.527,0.382,1,2,4.198,1.238,4,0
2,3.084,24.229,73.128,3.524,0.441,1,2,6.608,3.307,0,0
2,0.585,26.901,76.023,0.585,0.292,0,1,4.678,0.647,0,0
0,2.108,21.311,73.536,2.81,0.234,2,1,8.431,1.948,1,0
10,1.975,23.457,74.938,0.494,0.123,6,2,5.802,1.681,8,0
3,3.631,19.832,69.832,0.559,0.279,1,0,3.631,4.101,2,0
4,2.778,24.573,77.991,0.641,0.214,5,0,4.701,3.038,4,0
12,2.283,24.772,78.995,0.228,0.114,2,3,3.881,2.376,3,0
2,2.691,19.731,73.543,0.897,0.448,1,0,6.278,3.217,0,0
1,1.093,24.59,78.689,1.093,0.546,1,0,4.372,1.492,0,0
5,1.608,28.216,77.339,0.292,0.146,4,1,5.117,1.792,3,0
6,5.666,20.397,76.771,3.116,0.283,2,0,6.232,6.31,1,0
3,2.17,21.893,79.487,1.578,0.197,2,1,7.101,2.081,0,0
5,3.704,24.691,76.132,0.823,0.412,0,1,0.823,3.29,0,0
1,2.041,33.163,68.367,1.02,0.51,1,0,6.633,2.618,1,0
3,2.774,24.818,76.642,0.292,0.146,7,0,5.109,3.043,4,0
3,1.683,26.832,76.535,0.198,0.099,15,2,8.317,2.076,3,0
9,4.191,25.434,72.977,0.723,0.145,1,6,5.78,4.172,2,0
0,3.289,23.026,65.132,1.316,0.658,1,1,4.605,3.292,1,0
1,1.941,22.945,73.059,0.913,0.114,3,1,7.42,1.657,7,0
5,2.018,26.734,76.797,2.144,0.126,5,2,3.783,2.077,4,0
2,2.281,23.684,73.684,0.702,0.175,1,1,3.158,1.91,5,0
7,2.351,26.332,81.505,0.313,0.157,4,3,3.918,1.967,5,0
3,1.942,29.126,77.023,0.647,0.324,0,4,6.472,2.043,1,0
0,3.448,14.943,73.563,2.299,1.149,0,0,3.448,3.061,0,0
3,2.882,23.343,81.844,0.576,0.288,4,1,7.205,3.204,1,0
4,1.746,22.195,74.813,0.499,0.249,3,1,5.237,1.828,3,0
4,2.524,26.972,75.552,3.312,0.158,1,2,2.681,2.397,5,0
10,2.49,35.685,74.896,0.415,0.104,1,2,4.149,1.841,4,0
4,1.776,27.353,77.798,0.355,0.178,9,3,6.75,1.82,1,0
2,1.717,23.82,77.468,1.073,0.215,5,1,7.94,2.2,1,0
2,1.035,25.873,73.351,0.517,0.129,5,1,6.986,1.166,4,0
1,1.94,23.707,75.647,1.293,0.216,2,2,5.819,2.003,1,0
0,4.461,26.022,74.349,1.115,0.372,2,0,7.063,5.292,2,0
1,1.773,26.95,73.404,0.709,0.355,1,0,8.865,2.032,2,0
3,3.559,22.881,77.627,0.508,0.169,3,2,4.407,3.792,3,0
1,1.765,28.235,75.882,7.059,0.588,0,0,1.176,2.069,0,0
7,3.241,21.991,72.222,0.463,0.231,1,0,5.556,4.256,3,0
3,2.797,16.783,72.727,1.399,0.699,0,0,6.294,3.556,1,0
3,2.581,23.548,68.065,0.645,0.323,2,2,4.839,2.081,2,0
2,1.246,27.86,75.991,0.453,0.113,4,1,6.795,1.414,3,0
7,1.509,25.535,75.346,0.503,0.126,2,1,5.283,1.53,5,0
6,3.303,20.12,74.775,0.601,0.3,3,1,5.405,4.329,0,0
4,2.675,29.012,76.749,0.617,0.206,3,3,5.556,2.745,7,0
11,2.181,23.192,72.905,0.23,0.115,4,1,5.97,1.411,6,0
11,1.779,28.292,75.445,0.356,0.178,2,2,4.804,1.827,10,0
3,1.9,24.228,72.447,0.713,0.238,1,0,4.276,1.877,0,0
3,1.997,28.12,72.546,0.333,0.166,6,3,5.824,2.065,2,0
9,3.433,26.037,73.82,0.286,0.143,0,5,3.72,3.282,3,0
10,2.268,29.025,76.984,0.34,0.113,1,2,4.308,2.516,2,0
4,2.619,27.273,78.582,0.77,0.154,6,5,3.698,2.54,4,0
2,1.802,27.703,73.874,0.45,0.225,2,2,2.703,1.872,4,0
0,2.355,27.837,73.876,1.071,0.214,3,2,6.638,3.033,4,0
4,2.347,20.188,77.934,3.286,0.469,1,0,5.164,2.481,1,0
6,3.324,25.867,74.711,0.289,0.145,1,4,4.769,3.112,4,0
1,3.488,22.093,73.837,1.163,0.581,1,0,2.326,2.937,0,0
4,0.585,24.561,76.316,0.585,0.292,0,2,5.263,0.6,2,0
3,4.878,30.488,76.016,0.813,0.407,3,1,5.691,4.582,2,0
1,2.228,21.448,77.716,1.114,0.279,2,4,10.585,2.254,1,0
9,2.381,28.912,77.891,0.68,0.34,0,2,3.401,2.37,3,0
2,2.025,22.278,75.443,1.266,0.253,1,0,4.81,2.15,1,0
4,0.184,27.941,76.103,0.368,0.184,2,4,5.515,0.18,2,0
3,2.422,24.798,76.701,2.307,0.115,9,2,4.498,2.779,2,0
7,2.371,30.388,78.017,1.293,0.216,2,2,2.371,2.465,2,0
11,0.933,23.571,79.463,0.35,0.117,2,3,4.901,1.252,3,0
7,2.381,22.431,75.063,0.251,0.125,1,1,3.634,1.791,5,0
2,3.672,23.164,76.554,1.412,0.282,1,4,5.65,3.276,1,0
10,3.566,26.106,75.464,0.285,0.143,2,5,3.709,3.462,3,0
1,2.748,25.159,77.59,0.423,0.211,2,4,6.342,2.826,1,0
11,3.514,25.183,74.378,1.464,0.146,2,4,5.857,3.525,1,0
7,4.173,24.46,72.518,0.288,0.144,4,2,5.468,4.28,5,0
1,3.03,31.313,72.222,1.01,0.505,0,0,6.061,2.26,1,0
2,3.047,19.945,75.9,0.554,0.277,1,1,4.709,2.77,2,0
4,2.972,22.727,74.65,0.524,0.175,5,2,5.245,3.262,1,0
7,4.255,18.351,73.67,0.532,0.266,3,2,6.915,4.228,1,0
1,2.041,19.898,80.102,1.02,0.51,2,0,6.633,2.095,0,0
7,1.931,24.893,77.682,0.429,0.215,1,2,4.721,2.081,5,0
2,2.048,27.759,76.678,0.683,0.114,5,2,6.371,2.632,2,0
1,3.283,30.556,75.505,0.758,0.253,5,0,7.576,3.638,2,0
5,0.935,20.093,71.495,0.701,0.234,3,2,6.308,0.895,1,0
9,3.839,28.336,73.126,0.366,0.183,2,4,3.839,3.543,3,0
2,2.624,26.239,79.009,1.458,0.292,2,2,5.539,2.702,2,0
8,0.853,27.406,75.274,0.487,0.122,4,4,4.629,0.872,7,0
5,5.028,23.464,74.581,1.955,0.279,5,0,5.028,5.704,0,0
1,1.852,24.074,76.852,1.852,0.926,0,0,8.333,2.306,1,0
1,1.648,24.176,79.67,1.099,0.549,0,0,3.297,1.766,0,0
0,0.877,18.421,75.439,3.509,0.877,0,0,2.632,0.889,0,0
1,3.135,22.884,78.056,3.448,0.313,2,0,4.075,3.291,2,0
5,1.554,30.829,77.202,0.518,0.259,1,0,5.699,1.733,1,0
0,2.353,30.588,79.059,1.647,0.235,3,1,5.647,2.77,4,0
2,3.325,19.437,69.565,0.512,0.256,2,1,5.882,3.144,1,0
4,2.546,22.222,71.991,0.463,0.231,2,1,4.861,2.792,1,0
1,2.16,19.136,76.543,0.926,0.309,2,0,6.481,2.947,3,0
0,3.754,26.621,75.768,3.072,0.341,5,1,5.119,4.496,1,0
2,2.119,27.331,77.331,0.636,0.212,3,1,5.297,2.393,3,0
0,1.859,29.368,78.067,1.983,0.124,3,3,4.957,1.866,4,0
2,1.432,27.685,70.167,0.716,0.239,7,2,7.637,1.711,3,0
3,3.754,29.352,74.403,0.683,0.341,0,1,2.048,3.329,2,0
0,6.494,16.883,68.831,2.597,1.299,1,0,5.195,7.586,0,0
1,2.618,28.272,75.393,3.141,0.524,2,0,2.094,2.779,0,0
7,2.968,22.146,72.146,0.685,0.228,1,0,4.566,3.066,1,0
0,2.162,29.189,77.838,4.865,0.541,0,3,3.784,1.478,4,0
3,1.702,25.957,80.638,0.638,0.213,0,1,2.979,1.565,4,0
2,2.603,25.38,79.61,0.434,0.217,1,2,4.121,2.453,3,0
3,3.161,21.552,67.816,1.437,0.287,4,1,5.172,4.455,0,0
2,2.342,29.742,77.049,0.468,0.234,2,1,4.215,2.489,1,0
3,1.745,27.045,75.791,0.218,0.109,9,2,6.652,1.822,3,0
8,2.564,28.632,80.769,0.427,0.214,0,3,3.205,2.685,3,0
4,1.558,25.974,76.364,0.779,0.26,1,3,6.753,1.506,2,0
1,4.607,18.157,67.48,0.542,0.271,2,2,4.878,4.284,5,0
0,4.198,22.963,74.815,0.494,0.247,0,0,3.457,4.546,1,0
3,2.397,21.569,78.867,1.743,0.218,1,2,3.922,2.564,2,0
4,2.876,20.812,78.173,0.338,0.169,3,6,3.892,3.145,2,0
5,3.944,19.437,80.845,2.535,0.282,3,0,5.07,4.185,1,0
4,3.333,25.652,77.971,0.29,0.145,5,0,5.362,3.71,6,0
1,3.905,26.247,72.017,0.434,0.217,1,0,4.772,3.857,2,0
11,1.946,27.568,77.297,0.216,0.108,6,1,4.649,1.718,2,0
4,1.474,28.118,79.252,0.227,0.113,2,2,4.422,1.526,5,0
1,1.878,20.657,70.423,2.817,0.469,0,0,3.756,2.105,0,0
2,1.657,25.967,75.138,2.21,0.552,2,0,2.21,2.202,3,0
1,3.243,27.568,70.27,2.162,0.541,0,0,8.108,3.884,1,0
4,2.74,18.356,73.973,0.548,0.274,0,1,8.767,2.899,1,0
2,2.595,21.557,74.052,0.599,0.2,4,1,3.792,2.775,2,0
5,1.16,27.842,71.462,0.464,0.232,0,0,4.872,1.286,1,0
7,1.406,24.429,77.504,0.351,0.176,2,1,4.745,1.538,6,0
7,2.598,24.644,76.865,0.168,0.084,10,4,5.197,2.532,12,0
7,2.738,25.36,75.504,0.288,0.144,2,3,5.764,2.698,5,0
10,3.3,26.973,75.036,0.287,0.143,2,7,5.165,3.155,3,0
0,2.247,26.217,74.157,0.749,0.375,2,0,6.742,3.138,2,0
3,4.106,19.941,73.021,1.173,0.293,0,0,4.106,4.682,0,0
1,2.558,29.767,75.814,0.465,0.233,3,0,4.884,2.845,2,0
4,1.923,26.923,75.769,1.154,0.385,2,0,4.231,1.791,1,0
4,2.326,22.558,75.116,1.395,0.233,1,1,5.116,2.375,3,0
5,3.125,22.969,74.688,0.781,0.156,2,3,3.75,3.144,6,0
4,2.365,27.703,76.689,0.338,0.169,5,4,4.73,2.306,2,0
0,2.857,26.667,74.286,1.905,0.952,0,0,5.714,4.973,1,0
3,3.743,33.155,70.588,1.07,0.535,0,1,5.348,4.584,0,0
7,3.448,22.167,69.704,0.985,0.246,3,1,7.143,3.758,2,0
3,1.676,24.767,78.399,1.117,0.186,2,0,4.469,2.095,2,0
0,1.732,22.511,71.429,0.866,0.433,1,2,4.762,1.885,0,0
0,2.488,20.896,76.119,1.99,0.498,1,2,5.97,2.066,2,0
0,1.246,22.954,73.488,1.601,0.178,6,3,6.05,1.275,1,0
7,2.065,24.484,76.106,0.59,0.295,1,1,3.245,2.511,1,0
1,5.618,27.528,78.652,3.933,0.562,0,0,1.685,4.392,1,0
7,2.73,30.025,71.96,0.496,0.248,2,2,5.955,2.971,1,0
3,1.662,20.846,72.659,0.453,0.151,2,1,6.647,1.622,2,0
5,4.36,20.64,76.163,0.581,0.291,2,1,7.267,4.874,0,0
1,1.394,24.216,77.003,0.348,0.174,5,1,6.272,1.451,2,0
3,1.836,24.708,76.294,0.668,0.167,5,1,5.008,1.63,1,0
5,1.648,26.099,76.923,0.549,0.275,2,1,3.571,1.737,0,0
2,3.135,26.646,78.683,1.567,0.313,2,4,6.897,2.981,2,0
5,1.663,25.572,80.249,0.416,0.208,3,2,5.405,1.518,3,0
4,3.046,23.35,74.958,0.338,0.169,6,1,6.091,3.331,2,0
2,5.181,23.834,78.238,1.554,0.518,1,0,3.109,6.781,1,0
1,1.98,23.267,76.238,0.825,0.165,3,3,5.776,1.921,4,0
4,2.893,27.066,79.132,1.446,0.207,1,1,4.959,3.236,0,0
3,3.506,20.033,75.292,0.501,0.167,5,3,4.508,3.559,1,0
2,3.204,21.739,75.973,0.458,0.229,2,3,7.551,3.293,2,0
12,3.329,25.904,72.069,0.289,0.145,1,4,4.052,3.183,2,0
9,3.625,28.571,78.465,0.426,0.213,0,3,3.198,3.784,2,0
1,2.532,26.076,80.253,1.266,0.253,1,0,3.038,1.801,3,0
4,2.564,23.31,76.224,0.932,0.233,2,1,9.324,2.833,3,0
0,2.254,19.437,68.732,0.563,0.282,3,0,4.507,2.389,4,0
3,2.664,25.0,73.77,1.23,0.205,2,4,3.279,2.723,2,0
10,2.151,27.527,72.796,0.215,0.108,2,2,4.301,1.271,5,0
8,2.74,18.721,75.114,0.913,0.228,1,0,3.881,2.654,1,0
0,1.818,23.896,75.584,0.519,0.26,4,2,7.013,1.852,0,0
0,2.041,33.163,68.367,1.531,0.51,2,0,5.612,2.949,2,0
2,2.969,22.344,73.906,1.406,0.156,5,2,3.438,2.668,5,0
2,0.778,29.667,78.889,0.444,0.111,1,4,5.0,0.984,3,0
1,1.389,27.315,76.389,2.315,0.463,0,0,5.556,1.622,3,0
3,2.169,23.21,73.753,0.868,0.217,4,1,3.688,2.5,2,0
6,2.721,26.304,73.923,0.454,0.227,3,1,4.762,2.956,3,0
4,2.904,25.408,75.862,0.363,0.181,3,0,4.719,3.296,3,0
5,2.993,27.681,77.307,0.249,0.125,3,3,3.741,2.826,6,0
1,1.247,21.622,78.586,0.416,0.208,1,1,3.534,1.33,4,0
2,3.023,22.093,75.116,0.93,0.233,1,3,7.209,3.651,3,0
5,3.526,30.479,72.292,0.504,0.252,2,1,3.526,3.546,3,0
0,1.635,27.793,76.703,1.09,0.136,4,2,4.768,1.815,1,0
8,1.9,25.78,73.406,1.221,0.136,1,0,3.799,1.489,5,0
6,2.846,27.894,77.04,0.38,0.19,2,4,4.934,2.768,1,0
8,3.685,23.116,76.884,0.503,0.168,2,2,2.848,3.659,1,0
1,2.609,26.377,82.609,2.609,0.29,4,0,5.507,2.427,2,0
0,3.14,21.498,75.121,0.483,0.242,2,0,5.556,3.135,1,0
2,1.944,22.222,76.111,1.111,0.278,1,1,5.833,1.807,2,0
0,3.403,23.037,74.084,0.524,0.262,3,0,6.021,4.343,2,0
3,2.204,25.651,78.357,0.401,0.2,5,0,6.012,2.21,1,0
3,1.627,25.282,76.846,0.751,0.125,6,2,6.508,1.681,5,0
9,1.805,27.617,75.993,1.805,0.181,2,1,3.61,2.006,6,0
0,1.174,23.474,75.587,1.878,0.235,4,0,5.869,1.316,1,0
0,0.62,29.339,77.686,1.24,0.207,1,1,4.339,0.661,3,0
1,2.397,22.44,79.521,1.307,0.218,2,1,8.061,2.823,4,0
1,1.584,31.674,77.149,0.679,0.226,1,1,7.014,1.732,2,0
4,3.271,22.43,76.636,0.467,0.234,4,2,6.308,3.447,2,0
4,2.474,24.536,79.588,0.412,0.206,1,2,4.536,2.457,2,0
6,2.627,22.326,76.173,0.375,0.188,2,2,3.94,2.999,3,0
4,3.419,24.501,69.516,0.57,0.285,3,1,3.134,3.765,2,0
2,2.5,26.5,78.667,1.0,0.167,5,6,6.167,2.806,5,0
5,3.693,27.557,75.71,0.284,0.142,3,7,4.83,3.655,1,0
1,1.739,20.87,73.333,0.87,0.29,2,0,5.797,2.093,3,0
2,2.657,22.947,78.019,1.449,0.242,1,2,5.072,2.883,3,0
3,4.008,23.246,74.349,0.401,0.2,2,2,3.006,3.835,2,0
2,3.469,25.51,77.755,0.408,0.204,1,1,5.306,4.064,2,0
2,5.152,20.0,67.576,1.818,0.303,4,1,6.97,6.588,2,0
9,1.885,35.366,74.058,0.333,0.111,3,2,4.545,1.379,1,0
3,2.211,27.764,71.744,0.983,0.246,1,0,4.177,2.407,0,0
3,2.797,26.807,75.991,0.466,0.233,4,4,4.196,2.879,5,0
1,1.134,26.087,76.749,0.378,0.189,6,1,4.159,1.134,2,0
1,5.202,17.919,78.035,1.734,0.578,1,0,2.89,4.182,0,0
10,2.137,24.122,75.878,0.458,0.153,1,2,3.664,2.141,4,0
0,1.86,24.186,78.14,3.256,0.465,2,1,4.186,1.522,2,0
4,1.944,20.734,77.754,1.296,0.216,3,1,4.968,2.168,2,0
9,2.971,24.8,77.6,0.229,0.114,2,2,3.314,3.162,8,0
1,2.24,21.181,75.764,1.629,0.204,2,4,4.073,2.316,3,0
6,3.333,24.444,71.333,0.667,0.222,4,0,6.444,3.415,3,0
2,4.51,22.549,71.373,0.392,0.196,3,2,4.51,4.926,1,0
1,1.681,23.81,75.91,1.12,0.28,0,2,5.042,1.516,3,0
1,0.973,22.384,75.669,0.365,0.122,9,1,6.326,1.091,3,0
8,2.593,22.222,72.593,0.494,0.123,8,4,4.938,2.431,5,0
5,1.262,23.028,75.237,0.315,0.158,2,2,4.89,1.304,6,0
2,3.523,23.49,71.309,0.336,0.168,6,2,4.195,4.022,2,0
1,1.805,20.939,75.632,0.361,0.181,5,1,5.596,1.999,1,0
3,2.132,30.303,76.768,0.449,0.112,4,2,6.734,2.572,1,0
0,1.969,28.665,76.586,0.656,0.219,3,0,4.595,2.092,1,0
2,5.017,23.356,76.99,1.211,0.173,4,1,3.46,5.275,3,0
14,1.361,28.345,80.499,0.34,0.113,2,2,3.401,1.414,10,0
4,2.954,25.176,74.824,1.688,0.141,1,3,4.36,2.948,4,0
1,2.492,26.48,74.143,0.623,0.312,1,2,4.05,2.693,1,0
2,3.621,22.841,77.159,2.786,0.279,3,1,3.621,3.8,2,0
3,2.564,21.937,74.929,2.849,0.285,0,4,7.692,2.191,4,0
0,3.049,23.78,71.037,0.915,0.305,4,0,6.098,3.42,1,0
4,3.547,19.257,76.52,0.507,0.169,3,3,5.743,3.651,4,0
4,2.84,22.11,78.499,0.406,0.203,0,2,4.462,2.82,3,0
7,2.486,24.033,73.481,1.105,0.276,1,1,3.867,2.923,1,0
9,3.221,25.329,73.646,0.439,0.146,3,7,7.321,3.072,5,0
1,2.514,21.788,77.095,0.838,0.279,3,3,6.983,2.728,1,0
7,1.736,27.083,78.819,0.694,0.347,1,0,4.861,1.791,0,0
2,4.469,19.832,76.536,1.397,0.279,1,0,5.028,5.055,1,0
3,4.19,22.905,76.536,1.955,0.279,2,0,6.145,4.772,0,0
2,1.478,28.571,70.936,0.985,0.493,1,0,7.389,1.5,1,0
4,2.576,22.482,72.834,0.703,0.234,1,0,4.918,2.815,1,0
1,2.065,24.441,74.699,0.516,0.172,6,3,5.852,2.223,3,0
1,0.469,27.7,74.178,3.286,0.469,1,0,4.225,0.417,0,0
5,4.255,27.447,78.085,1.277,0.213,0,3,5.319,4.435,2,0
5,2.242,23.094,72.87,0.448,0.224,1,0,2.466,2.262,1,0
0,2.482,28.369,73.404,0.709,0.355,2,1,7.801,3.253,1,0
8,2.222,25.926,74.444,0.37,0.185,3,1,4.259,2.359,3,0
3,2.157,31.176,78.431,0.784,0.196,1,1,3.922,1.876,4,0
8,1.99,26.244,74.502,0.498,0.124,3,3,6.219,2.111,4,0
3,2.985,26.013,75.693,1.493,0.213,4,2,4.264,2.717,8,0
2,2.49,29.046,76.763,0.415,0.207,1,2,3.734,2.194,3,0
0,3.409,17.045,76.705,2.841,0.568,0,0,1.705,2.983,0,0
3,3.333,20.0,72.821,0.513,0.256,3,0,7.179,3.277,2,0
2,2.462,23.846,75.538,1.077,0.154,5,0,6.308,2.713,5,0
0,1.174,26.995,76.056,1.878,0.235,3,1,6.103,1.105,2,0
5,1.273,22.364,79.091,0.364,0.182,7,2,4.909,1.609,3,0
3,3.333,23.889,75.833,0.556,0.278,0,2,4.722,2.596,3,0
3,3.271,21.028,76.402,1.636,0.234,1,2,3.505,3.229,1,0
3,3.004,21.459,78.97,1.073,0.215,1,1,6.652,3.371,1,0
2,3.78,20.619,74.227,0.687,0.344,5,1,8.591,4.342,0,0
2,3.13,22.9,76.277,0.329,0.165,2,2,4.283,3.371,1,0
4,4.124,17.268,72.68,0.515,0.258,8,1,9.536,3.975,1,0
2,2.038,20.846,75.078,0.784,0.157,4,3,6.113,2.175,3,0
3,2.995,23.733,71.198,0.691,0.23,1,1,4.378,2.778,2,0
1,3.419,21.083,70.655,0.57,0.285,4,1,5.983,4.137,2,0
1,3.571,18.878,71.939,1.02,0.51,0,1,1.531,3.149,2,0
6,3.299,30.964,72.335,0.508,0.254,1,2,3.046,3.613,2,0
3,4.802,20.056,75.989,2.26,0.282,1,0,5.65,6.075,0,0
10,1.932,27.386,77.273,0.341,0.114,4,3,4.659,1.933,4,0
2,1.778,22.222,75.111,0.889,0.444,0,0,3.556,1.907,0,0
0,2.108,25.059,76.815,0.468,0.234,2,0,4.45,2.387,2,0
6,1.553,29.32,74.757,0.777,0.194,0,2,3.301,1.488,2,0
0,2.179,25.182,77.482,0.969,0.242,0,1,6.538,2.202,1,0
16,0.852,24.939,77.007,0.487,0.122,0,1,4.501,1.036,4,0
0,1.667,24.444,76.667,1.111,0.556,1,0,3.889,1.941,0,0
2,1.648,25.824,76.923,2.198,0.549,1,0,6.044,2.196,3,0
0,1.99,17.91,77.114,0.995,0.498,1,1,4.478,2.127,1,0
4,2.994,21.557,73.253,0.399,0.2,1,1,3.593,3.345,2,0
4,2.264,25.66,76.226,0.566,0.189,2,3,6.604,2.456,1,0
2,2.964,26.087,72.53,0.395,0.198,3,0,3.36,3.435,3,0
2,1.862,30.229,76.791,1.003,0.143,3,3,5.587,1.996,5,0
1,1.988,26.335,74.907,1.491,0.124,7,0,4.472,2.253,3,0
5,2.064,27.017,78.424,0.375,0.188,2,0,4.503,2.061,3,0
0,1.98,21.782,70.297,5.941,0.99,1,0,2.97,2.158,0,0
7,2.308,22.5,73.654,0.192,0.096,5,2,4.038,1.4,7,0
1,2.094,17.277,72.775,3.665,0.524,3,0,8.901,1.432,0,0
2,3.67,33.028,72.018,0.917,0.459,2,2,6.881,3.681,0,0
0,1.744,23.256,67.733,0.872,0.291,4,0,6.105,2.028,3,0
0,4.167,25.0,77.778,1.389,0.694,0,0,8.333,4.407,0,0
1,1.406,28.112,76.104,0.402,0.201,2,0,5.422,1.696,5,0
3,2.978,22.333,75.186,0.744,0.248,4,2,4.467,3.209,2,0
1,1.99,27.985,75.871,0.249,0.124,3,0,4.478,2.031,4,0
14,2.025,25.759,69.516,0.225,0.112,3,2,5.737,1.406,3,0
0,2.857,17.714,71.143,1.714,0.286,0,0,3.714,3.463,0,0
5,2.867,28.326,74.312,0.344,0.115,6,2,3.555,3.081,5,0
0,2.571,20.571,69.143,3.143,0.286,4,0,6.857,2.802,1,0
4,3.044,25.995,75.644,0.468,0.234,1,2,6.557,3.059,2,0
4,2.188,26.255,72.844,0.386,0.129,6,2,7.851,1.866,7,0
10,2.91,23.749,77.183,0.931,0.116,4,2,4.191,3.132,4,0
1,3.17,22.478,75.504,2.305,0.288,1,0,6.916,3.202,1,0
8,2.338,26.259,75.18,0.36,0.18,3,1,4.496,2.342,3,0
9,2.582,23.924,77.797,0.861,0.172,3,1,3.614,3.34,2,0
0,3.243,27.027,70.811,1.622,0.541,1,2,5.405,3.399,0,0
2,2.397,29.452,72.603,1.37,0.342,0,1,3.767,2.377,1,0
1,6.09,23.718,74.679,0.641,0.321,3,0,7.051,7.665,0,0
0,5.0,23.333,72.083,2.083,0.417,2,0,8.333,6.068,1,0
7,2.19,28.175,77.226,1.022,0.146,5,1,5.839,2.18,6,0
6,2.925,27.559,73.003,0.45,0.112,4,2,5.512,2.298,5,0
6,1.893,26.334,76.248,1.377,0.172,2,0,6.196,2.178,1,0
1,2.083,23.958,76.563,3.125,0.521,1,0,3.646,1.557,1,0
5,1.866,25.187,73.507,0.373,0.187,2,4,4.478,1.938,1,0
0,1.937,28.571,80.387,0.484,0.242,3,0,5.327,1.923,2,0
3,1.018,25.445,77.735,0.509,0.127,6,0,8.015,1.129,4,0
0,1.163,27.907,77.907,1.744,0.581,1,0,11.628,1.583,2,0
5,2.326,27.616,74.564,0.291,0.145,3,3,4.07,2.944,6,0
2,1.503,25.665,73.295,0.809,0.116,7,0,7.168,1.693,4,0
2,2.083,26.852,75.231,0.694,0.231,2,0,6.25,1.982,3,0
12,2.283,24.772,78.995,0.228,0.114,3,3,4.566,2.379,5,0
2,3.191,27.66,72.872,1.064,0.532,0,1,3.723,3.678,0,0
5,3.937,16.01,75.328,3.412,0.262,2,0,4.199,4.357,1,0
1,2.459,18.852,81.148,3.279,0.82,2,0,3.279,3.134,0,0
7,3.264,21.068,72.107,1.187,0.297,0,0,3.264,3.512,0,0
8,3.473,25.47,73.806,0.289,0.145,2,5,5.21,3.021,3,0
1,2.151,22.581,74.731,3.226,0.538,2,1,4.301,1.233,1,0
3,1.489,24.566,77.419,0.496,0.248,1,1,4.467,1.698,1,0
0,3.676,25.735,75.735,3.676,0.368,2,0,5.147,4.677,0,0
1,1.794,24.888,78.475,1.345,0.224,4,0,6.054,1.78,3,0
2,4.324,23.243,73.514,1.622,0.541,1,0,4.324,5.194,1,0
1,2.341,22.074,79.599,0.669,0.334,3,1,5.351,2.128,1,0
4,3.414,25.904,74.699,0.402,0.201,2,0,2.41,3.884,2,0
6,2.135,26.854,76.854,0.337,0.112,1,1,4.944,2.268,8,0
4,2.241,21.569,76.751,2.241,0.28,0,4,5.602,1.518,3,0
6,1.597,22.482,76.658,0.491,0.123,2,1,7.371,1.749,5,0
3,0.883,25.599,77.932,0.504,0.126,11,1,8.701,0.978,1,0
4,3.354,24.085,76.22,0.61,0.152,6,2,5.488,3.269,2,0
1,6.944,22.222,66.667,2.778,1.389,1,0,5.556,7.499,0,0
3,3.611,23.333,76.111,0.833,0.278,2,2,6.111,2.929,3,0
0,1.188,28.029,76.247,0.475,0.238,1,4,5.463,1.26,2,0
0,2.793,21.788,72.626,3.911,0.559,1,0,3.352,3.128,2,0
2,2.823,22.984,78.629,0.806,0.403,1,0,6.048,2.609,0,0
3,1.878,22.535,74.648,0.469,0.235,0,1,5.399,1.812,3,0
9,2.699,25.0,75.0,0.568,0.142,1,3,4.403,2.51,5,0
1,2.051,28.205,78.974,1.026,0.513,1,2,4.615,2.185,0,0
0,1.435,25.359,74.641,2.392,0.478,0,0,6.22,1.558,1,0
1,1.996,26.148,77.844,0.599,0.2,2,0,5.988,2.252,2,0
2,2.493,22.715,75.623,0.831,0.277,1,1,8.31,2.224,2,0
3,2.762,28.177,76.796,1.105,0.552,1,0,3.315,3.625,0,0
6,1.363,23.172,78.439,0.496,0.124,3,0,7.931,1.499,5,0
2,2.62,28.246,76.082,0.228,0.114,4,3,4.328,2.867,2,0
2,2.35,27.991,77.778,0.427,0.214,1,4,4.274,2.426,7,0
1,1.648,25.824,75.824,2.198,0.549,0,0,5.495,2.224,2,0
4,2.614,25.054,80.61,0.436,0.218,3,1,6.318,2.595,3,0
0,2.571,23.429,70.0,2.857,0.286,1,0,6.0,2.705,3,0
1,2.809,20.506,70.225,0.562,0.281,3,0,4.775,2.698,2,0
0,1.045,27.178,73.519,2.091,0.348,2,2,5.575,1.011,1,0
1,3.279,24.044,77.049,2.732,0.546,0,0,1.639,2.551,1,0
6,1.729,24.352,74.64,0.288,0.144,4,4,5.043,1.589,6,0
12,3.48,25.113,72.163,0.454,0.076,8,7,5.446,3.58,3,0
3,1.042,29.688,69.271,1.042,0.521,0,0,3.125,1.073,2,0
0,1.813,24.773,75.227,0.604,0.302,5,1,7.251,2.147,3,0
4,3.601,19.945,77.285,1.662,0.277,1,3,6.094,2.996,4,0
1,4.058,19.42,72.174,1.159,0.29,1,0,4.348,5.229,4,0
1,1.493,22.388,73.134,2.985,0.498,0,0,4.975,1.237,1,0
3,1.511,25.441,77.834,2.267,0.252,1,1,3.275,1.529,1,0
1,1.894,27.652,78.409,5.682,0.379,3,2,5.682,1.977,1,0
0,1.892,23.96,73.77,0.504,0.126,9,2,6.936,1.949,8,0
5,3.852,26.106,74.037,0.285,0.143,1,7,4.565,3.769,3,0
4,3.037,22.664,75.467,0.467,0.234,2,1,6.075,3.202,2,0
2,2.594,19.308,67.723,2.017,0.288,3,1,5.764,2.975,5,0
0,2.284,20.558,75.381,0.761,0.254,3,0,5.838,2.194,0,0
2,1.594,27.224,77.291,0.266,0.133,1,1,5.312,1.738,5,0
3,3.472,30.903,75.694,0.694,0.347,0,2,4.167,3.762,2,0
6,3.065,29.693,76.82,0.383,0.192,2,2,5.364,3.082,3,0
1,2.582,27.465,75.587,0.469,0.235,3,1,3.756,2.54,2,0
7,2.672,26.527,77.672,0.382,0.191,2,3,5.534,2.794,2,0
4,1.266,28.903,76.582,0.422,0.211,1,2,2.11,1.244,4,0
0,2.347,23.944,76.526,3.286,0.469,1,1,3.756,2.554,0,0
10,2.915,26.009,76.682,0.224,0.112,4,3,5.269,2.961,5,0
0,2.809,23.596,71.91,1.124,0.562,0,0,2.809,2.467,2,0
7,2.283,29.909,75.114,0.457,0.114,3,2,6.279,2.435,5,0
4,0.614,23.587,74.57,0.491,0.123,8,3,9.091,0.731,10,0
3,2.549,25.724,76.709,1.159,0.116,5,3,7.416,2.477,5,0
6,1.677,23.27,77.358,0.419,0.21,3,0,6.709,1.822,2,0
0,3.109,20.725,72.021,1.036,0.518,2,0,1.554,2.737,2,0
1,1.695,24.697,79.177,1.937,0.242,3,3,6.053,1.889,2,0
6,1.852,28.009,77.546,0.463,0.231,3,0,4.861,1.969,1,0
1,2.364,29.787,76.123,0.473,0.236,4,0,4.492,2.711,1,0
5,4.507,20.845,73.239,0.845,0.282,1,0,7.324,4.792,2,0
7,2.386,29.718,78.308,0.868,0.217,1,3,3.905,2.335,2,0
0,1.667,29.762,76.905,1.19,0.238,5,2,5.952,2.168,3,0
4,2.422,30.104,73.01,0.692,0.346,0,1,3.46,2.916,1,0
1,1.598,25.342,79.224,1.142,0.228,1,1,6.393,1.932,2,0
1,2.0,24.667,80.0,2.667,0.667,1,1,4.0,2.41,2,0
1,2.555,27.642,75.494,2.323,0.116,6,3,5.807,2.738,0,0
0,2.493,19.945,76.731,2.216,0.277,2,2,7.479,2.55,4,0
3,2.098,22.378,72.028,1.399,0.699,3,0,6.993,2.219,1,0
3,1.159,22.517,74.503,1.49,0.166,3,3,6.457,1.068,6,0
12,2.153,26.851,73.486,0.336,0.067,4,5,6.595,1.797,9,0
6,1.706,28.669,77.474,0.569,0.114,2,5,5.347,1.661,9,0
2,1.405,21.78,71.897,0.703,0.234,4,1,5.621,1.417,1,0
1,2.353,27.059,80.0,1.176,0.588,1,0,1.765,3.266,2,0
5,2.79,29.828,72.961,1.073,0.215,3,1,7.94,2.994,2,0
2,2.073,24.512,76.829,0.488,0.122,3,1,4.634,2.127,3,0
6,3.801,20.76,76.023,1.17,0.292,3,1,5.263,4.332,0,0
3,2.95,19.764,68.142,0.885,0.295,1,0,5.015,3.824,2,0
6,3.409,26.515,76.705,0.379,0.189,2,0,3.409,3.352,3,0
1,3.211,20.642,74.312,1.376,0.459,1,3,6.422,3.693,0,0
5,2.81,21.78,72.365,0.703,0.234,3,0,5.386,2.797,1,0
2,2.851,27.193,72.588,0.439,0.219,2,0,5.044,3.017,2,0
2,3.04,23.556,75.836,0.304,0.152,4,1,6.383,3.077,4,0
1,3.488,13.953,75.581,2.326,1.163,0,0,5.814,2.71,0,0
5,3.152,22.35,77.937,0.573,0.287,2,1,6.59,2.758,1,0
4,2.075,25.104,79.461,0.415,0.207,3,2,3.942,2.018,2,0
4,2.331,22.611,78.322,0.466,0.233,4,1,6.993,2.413,3,0
5,2.299,24.138,75.205,0.493,0.164,3,1,6.24,2.499,2,0
10,2.934,22.317,74.749,0.463,0.077,10,7,5.869,3.079,3,0
0,3.356,18.121,81.879,1.342,0.671,0,0,4.027,3.842,1,0
2,2.521,24.58,78.361,1.681,0.21,2,1,6.933,2.438,6,0
2,3.571,22.449,75.0,3.571,0.51,0,1,3.571,3.361,2,0
5,2.749,27.148,75.601,0.687,0.344,1,3,4.467,2.958,1,0
1,2.273,13.636,80.682,2.273,1.136,0,0,5.682,1.282,0,0
2,3.651,26.775,74.645,0.406,0.203,2,3,4.665,3.911,1,0
3,3.077,23.516,77.802,1.538,0.22,2,2,7.253,3.249,3,0
0,4.523,24.121,76.382,2.513,0.503,1,0,3.015,3.604,0,0
8,2.749,23.368,73.883,1.375,0.172,4,1,6.014,3.115,3,0
6,1.153,25.041,76.277,0.824,0.165,4,3,7.249,1.135,4,0
2,2.079,25.866,76.905,0.462,0.231,3,1,6.236,2.293,2,0
5,4.683,21.488,76.309,3.03,0.275,3,0,6.061,5.506,0,0
3,2.792,30.711,71.32,0.508,0.254,2,1,3.807,3.158,2,0
0,1.604,20.321,70.588,5.882,0.535,1,1,6.952,2.389,0,0
5,2.825,22.881,76.271,0.565,0.282,0,3,4.802,2.648,3,0
0,2.609,22.319,69.855,1.159,0.29,5,0,7.826,3.05,3,0
12,2.247,27.079,77.64,0.337,0.112,5,3,3.708,2.33,4,0
1,2.463,20.69,78.818,1.478,0.493,0,2,5.419,2.016,0,0
2,2.513,23.339,74.327,0.718,0.18,5,3,4.129,2.8,5,0
1,3.618,18.346,72.868,0.517,0.258,3,0,5.685,3.802,1,0
5,3.621,25.07,76.045,0.836,0.279,1,5,6.407,3.242,1,0
5,1.869,24.416,73.248,0.467,0.117,7,2,7.243,1.613,7,0
1,2.686,25.413,76.446,0.413,0.207,4,0,6.405,3.1,3,0
2,1.479,23.475,75.97,0.555,0.185,6,5,7.209,1.742,3,0
1,0.952,26.19,79.524,0.952,0.476,1,0,6.19,1.201,2,0
5,2.735,25.812,75.385,2.393,0.171,6,1,6.496,3.27,2,0
8,1.98,24.752,75.0,0.495,0.124,3,1,4.827,2.162,3,0
1,2.623,30.492,81.967,1.639,0.328,2,0,3.934,3.017,0,0
5,3.077,18.974,72.308,1.282,0.256,2,0,4.359,2.752,1,0
6,2.738,25.793,74.352,0.288,0.144,0,5,5.331,2.773,3,0
11,2.832,24.888,76.304,1.341,0.149,4,3,5.961,3.08,4,0
1,3.364,20.795,70.642,0.612,0.306,3,0,3.364,4.174,3,0
7,1.509,24.277,76.604,0.503,0.126,1,0,4.654,1.696,2,0
4,3.304,33.26,79.295,0.441,0.22,1,0,4.626,3.849,0,0
0,4.167,19.444,63.889,2.778,1.389,0,0,4.167,5.119,0,0
2,1.176,26.118,74.353,0.471,0.235,4,0,4.235,1.303,4,0
6,2.76,25.265,80.892,0.425,0.212,1,1,3.185,2.768,5,0
5,4.271,17.588,72.613,0.503,0.251,9,1,9.548,4.312,1,0
0,2.398,22.302,71.463,1.679,0.24,1,0,5.755,2.555,1,0
1,3.833,21.08,74.39,0.523,0.174,4,1,6.098,4.376,2,0
4,2.762,21.823,75.967,0.552,0.276,2,1,5.249,3.175,2,0
6,1.791,22.09,74.03,2.09,0.299,1,0,6.567,2.192,1,0
1,4.762,25.17,78.231,1.361,0.68,0,0,2.041,3.778,0,0
2,3.226,23.79,70.766,0.403,0.202,3,4,3.226,3.983,4,0
7,3.43,18.47,70.976,0.528,0.264,4,0,10.29,3.577,2,0
1,2.402,18.318,72.072,0.601,0.3,1,0,4.805,2.697,3,0
1,4.839,24.194,75.269,1.613,0.538,2,0,4.839,6.544,0,0
3,2.83,21.934,71.226,0.708,0.236,0,0,4.009,2.677,7,0
1,2.752,33.945,74.312,0.917,0.459,2,1,5.963,2.705,0,0
3,1.657,20.718,73.204,0.552,0.276,2,1,6.077,1.849,4,0
10,2.251,30.687,71.445,0.237,0.118,3,1,4.621,1.374,1,0
12,2.176,29.668,78.809,0.458,0.115,2,1,5.04,2.516,4,0
0,1.563,28.906,77.148,1.367,0.195,5,0,5.664,1.719,2,0
2,4.202,21.849,74.51,2.241,0.28,1,0,6.443,4.236,1,0
8,2.091,26.713,78.397,0.232,0.116,0,1,3.6,2.422,4,0
0,2.956,20.69,74.877,0.985,0.493,0,0,4.926,2.085,0,0
5,2.292,25.09,77.443,0.483,0.121,3,0,4.584,2.369,1,0
0,2.711,20.783,72.59,2.108,0.301,2,0,6.928,2.896,0,0
6,2.33,22.939,75.09,1.613,0.179,3,3,4.48,2.634,3,0
1,2.273,24.432,76.705,1.136,0.568,1,1,2.841,2.354,1,0
4,4.069,19.914,73.448,1.071,0.214,3,1,3.426,5.03,3,0
7,3.469,23.265,75.306,2.041,0.204,4,1,4.286,3.259,3,0
7,2.768,26.644,72.664,0.692,0.346,0,2,3.806,2.544,2,0
1,2.607,22.986,74.408,0.474,0.237,1,2,4.265,2.744,2,0
7,2.247,25.638,73.953,0.204,0.102,7,0,5.414,1.424,5,0
5,3.112,24.689,70.539,0.622,0.207,4,1,4.979,3.004,0,0
3,0.853,23.995,74.787,0.487,0.122,7,2,8.526,1.031,6,0
0,2.817,32.394,67.606,2.817,1.408,0,0,2.817,4.443,0,0
1,0.894,27.151,74.972,0.223,0.112,9,2,6.816,1.031,6,0
2,2.712,24.746,74.576,0.678,0.339,2,0,6.102,3.437,3,0
2,1.535,22.506,76.215,2.302,0.256,3,0,4.859,1.977,0,0
2,2.09,20.299,72.239,0.597,0.299,3,1,6.269,2.487,3,0
7,3.435,28.817,77.099,0.382,0.191,5,2,4.962,3.637,5,0
4,3.009,23.611,76.389,0.463,0.231,3,2,4.861,3.159,3,0
